Season,Name,Team,PA,AVG,OBP,SLG,wRC+,WAR,playerid
2015,Bryce Harper,Nationals,654,0.33,0.46,0.649,197,9.3,11579
2018,Mookie Betts,Red Sox,614,0.346,0.438,0.64,185,10.4,13611
2018,Mike Trout,Angels,608,0.312,0.46,0.628,190,9.8,10155
2019,Christian Yelich,Brewers,580,0.329,0.429,0.671,174,7.8,11477
2017,Mike Trout,Angels,507,0.306,0.442,0.629,180,6.8,10155
2019,Mike Trout,Angels,600,0.291,0.438,0.645,180,8.6,10155
2017,Aaron Judge,Yankees,678,0.284,0.422,0.627,174,8.3,15640
2017,Joey Votto,Reds,707,0.32,0.454,0.578,163,6.5,4314
2018,J.D. Martinez,Red Sox,649,0.33,0.402,0.629,170,5.9,6184
2015,Joey Votto,Reds,695,0.314,0.459,0.541,174,7.3,4314
2018,Christian Yelich,Brewers,651,0.326,0.402,0.598,166,7.6,11477
2016,David Ortiz,Red Sox,626,0.315,0.401,0.62,163,4.5,745
2019,Alex Bregman,Astros,690,0.296,0.423,0.592,168,8.5,17678
2016,Mike Trout,Angels,681,0.315,0.441,0.55,170,9.7,10155
2015,Paul Goldschmidt,Diamondbacks,695,0.321,0.435,0.57,163,7.2,9218
2019,Nelson Cruz,Twins,521,0.311,0.392,0.639,163,4.3,2434
2019,Cody Bellinger,Dodgers,660,0.305,0.406,0.629,162,7.8,15998
2015,Mike Trout,Angels,682,0.299,0.402,0.59,171,9.3,10155
2017,Charlie Blackmon,Rockies,725,0.331,0.399,0.601,142,6.6,7859
2015,Miguel Cabrera,Tigers,511,0.338,0.44,0.534,164,4.6,1744
2016,Joey Votto,Reds,677,0.326,0.434,0.55,158,5.2,4314
2019,Anthony Rendon,Nationals,646,0.319,0.412,0.598,154,7,12861
2017,Giancarlo Stanton,Marlins,692,0.281,0.376,0.631,158,7.3,4949
2016,Daniel Murphy,Nationals,582,0.347,0.39,0.595,154,5.6,4316
2017,Freddie Freeman,Braves,514,0.307,0.403,0.586,150,4.4,5361
2017,Jose Altuve,Astros,662,0.346,0.41,0.547,160,7.6,5417
2019,Ketel Marte,Diamondbacks,628,0.329,0.389,0.592,150,7.1,13613
2016,Josh Donaldson,Blue Jays,700,0.284,0.404,0.549,157,7.6,5038
2016,Freddie Freeman,Braves,693,0.302,0.4,0.569,152,6.1,5361
2019,George Springer,Astros,556,0.292,0.383,0.591,156,6.5,12856
2017,Paul Goldschmidt,Diamondbacks,665,0.297,0.404,0.563,142,5.3,9218
2017,Justin Turner,Dodgers,543,0.322,0.415,0.53,151,5.4,5235
2017,Kris Bryant,Cubs,665,0.295,0.409,0.537,147,6.7,15429
2016,Miguel Cabrera,Tigers,679,0.316,0.393,0.563,153,4.8,1744
2017,Tommy Pham,Cardinals,530,0.306,0.411,0.52,149,6.2,2967
2015,Josh Donaldson,Blue Jays,711,0.297,0.371,0.568,154,8.7,5038
2017,Jose Ramirez,Indians,645,0.318,0.374,0.583,146,6.5,13510
2016,Kris Bryant,Cubs,699,0.292,0.385,0.554,148,7.9,15429
2015,Nelson Cruz,Mariners,655,0.302,0.369,0.566,158,5,2434
2018,Alex Bregman,Astros,705,0.286,0.394,0.532,156,7.6,17678
2017,Nolan Arenado,Rockies,680,0.309,0.373,0.586,130,5.7,9777
2017,Anthony Rendon,Nationals,605,0.301,0.403,0.533,141,6.7,12861
2019,Juan Soto,Nationals,659,0.282,0.401,0.548,142,4.8,20123
2016,Charlie Blackmon,Rockies,641,0.324,0.381,0.552,132,4.7,7859
2017,Zack Cozart,Reds,507,0.297,0.385,0.548,139,5,2616
2019,Nolan Arenado,Rockies,662,0.315,0.379,0.583,128,5.9,9777
2015,Edwin Encarnacion,Blue Jays,624,0.277,0.372,0.557,150,4.5,2151
2016,DJ LeMahieu,Rockies,635,0.348,0.416,0.495,130,4.4,9874
2018,Jose Ramirez,Indians,698,0.27,0.387,0.552,146,8,13510
2016,Anthony Rizzo,Cubs,676,0.292,0.385,0.544,145,4.9,3473
2018,Nolan Arenado,Rockies,673,0.297,0.374,0.561,132,5.7,9777
2016,Jose Altuve,Astros,717,0.338,0.396,0.531,152,6.8,5417
2018,Paul Goldschmidt,Diamondbacks,690,0.29,0.389,0.533,146,5.2,9218
2019,Anthony Rizzo,Cubs,613,0.293,0.405,0.52,141,4,3473
2015,Chris Davis,Orioles,670,0.262,0.361,0.562,149,5.4,9272
2019,Xander Bogaerts,Red Sox,698,0.309,0.384,0.555,141,6.8,12161
2015,Jose Bautista,Blue Jays,666,0.25,0.377,0.536,148,5.2,1887
2017,Marcell Ozuna,Marlins,679,0.312,0.376,0.548,143,5,10324
2017,Ryan Zimmerman,Nationals,576,0.303,0.358,0.573,137,3.3,4220
2019,Charlie Blackmon,Rockies,634,0.314,0.364,0.576,125,2,7859
2019,Freddie Freeman,Braves,692,0.295,0.389,0.549,138,4,5361
2019,J.D. Martinez,Red Sox,657,0.304,0.383,0.557,139,3.2,6184
2016,Nolan Arenado,Rockies,696,0.294,0.362,0.57,126,5,9777
2018,Brandon Nimmo,Mets,535,0.263,0.404,0.483,148,4.5,12927
2017,Nelson Cruz,Mariners,645,0.288,0.375,0.549,146,3.8,2434
2017,Daniel Murphy,Nationals,593,0.322,0.384,0.543,135,4.4,4316
2019,Jeff McNeil,Mets,567,0.318,0.384,0.531,143,4.6,15362
2019,Peter Alonso,Mets,693,0.26,0.358,0.583,143,4.8,19251
2015,Anthony Rizzo,Cubs,701,0.278,0.387,0.512,145,5.2,3473
2018,Trevor Story,Rockies,656,0.291,0.348,0.567,128,5.1,12564
2016,J.D. Martinez,Tigers,517,0.307,0.373,0.535,143,2.3,6184
2016,Nelson Cruz,Mariners,667,0.287,0.36,0.555,148,4.4,2434
2018,Anthony Rendon,Nationals,597,0.308,0.374,0.535,139,6.2,12861
2016,Paul Goldschmidt,Diamondbacks,705,0.297,0.411,0.489,133,4.9,9218
2017,Marwin Gonzalez,Astros,515,0.303,0.377,0.53,144,4,5497
2019,Eugenio Suarez,Reds,662,0.271,0.358,0.572,133,4.5,12552
2019,Mookie Betts,Red Sox,706,0.295,0.391,0.524,135,6.6,13611
2015,Andrew McCutchen,Pirates,685,0.292,0.401,0.488,144,6,9847
2019,Trevor Story,Rockies,656,0.294,0.363,0.554,121,5.8,12564
2017,Cody Bellinger,Dodgers,548,0.267,0.352,0.581,138,4,15998
2015,David Peralta,Diamondbacks,517,0.312,0.371,0.522,137,3.9,2136
2017,Anthony Rizzo,Cubs,691,0.273,0.392,0.507,134,4.1,3473
2019,Carlos Santana,Indians,686,0.281,0.397,0.515,135,4.4,2396
2019,Austin Meadows,Rays,591,0.291,0.364,0.558,142,4,15672
2019,Kris Bryant,Cubs,634,0.282,0.382,0.521,135,4.8,15429
2019,Yoan Moncada,White Sox,559,0.315,0.367,0.548,141,5.7,17232
2016,Mookie Betts,Red Sox,730,0.318,0.363,0.534,136,8.3,13611
2015,David Ortiz,Red Sox,614,0.273,0.36,0.553,139,2.9,745
2019,Josh Bell,Pirates,613,0.277,0.367,0.569,135,2.5,13145
2019,Jorge Soler,Royals,679,0.265,0.354,0.569,136,3.6,14221
2017,Justin Upton,- - -,635,0.273,0.361,0.54,137,5.2,5222
2018,Freddie Freeman,Braves,707,0.309,0.388,0.505,137,5.3,5361
2016,Ryan Braun,Brewers,564,0.305,0.365,0.538,134,3.3,3410
2019,Josh Donaldson,Braves,659,0.259,0.379,0.521,132,4.9,5038
2017,Jose Abreu,White Sox,675,0.304,0.354,0.552,139,4.3,15676
2019,Rafael Devers,Red Sox,702,0.311,0.361,0.555,132,5.9,17350
2018,Manny Machado,- - -,709,0.297,0.367,0.538,140,6.2,11493
2018,Eugenio Suarez,Reds,606,0.283,0.366,0.526,135,3.9,12552
2017,Eric Hosmer,Royals,671,0.318,0.385,0.498,135,4,3516
2017,George Springer,Astros,629,0.283,0.367,0.522,140,4.5,12856
2018,Bryce Harper,Nationals,695,0.249,0.393,0.496,134,3.4,11579
2018,Matt Carpenter,Cardinals,677,0.257,0.374,0.523,140,5,8090
2017,Avisail Garcia,White Sox,561,0.33,0.38,0.506,138,4.2,5760
2016,Matt Carpenter,Cardinals,566,0.271,0.38,0.505,136,3.2,8090
2019,DJ LeMahieu,Yankees,655,0.327,0.375,0.518,136,5.4,9874
2019,Jose Altuve,Astros,548,0.298,0.353,0.55,138,3.5,5417
2018,Jesus Aguilar,Brewers,566,0.274,0.352,0.539,134,3.1,11342
2016,Brandon Belt,Giants,655,0.275,0.394,0.474,136,3.9,10264
2016,Edwin Encarnacion,Blue Jays,702,0.263,0.357,0.529,136,4,2151
2017,Edwin Encarnacion,Indians,669,0.258,0.377,0.504,130,2.3,2151
2018,Xander Bogaerts,Red Sox,580,0.288,0.36,0.522,133,4.9,12161
2019,Trey Mancini,Orioles,679,0.291,0.364,0.535,132,3.6,15149
2019,Marcus Semien,Athletics,747,0.285,0.369,0.522,137,7.6,12533
2019,Max Muncy,Dodgers,589,0.251,0.374,0.515,134,4.8,13301
2015,Matt Carpenter,Cardinals,665,0.272,0.365,0.505,139,5.3,8090
2015,J.D. Martinez,Tigers,657,0.282,0.344,0.535,136,5.2,6184
2016,Corey Seager,Dodgers,687,0.308,0.365,0.512,136,6.9,13624
2017,Domingo Santana,Brewers,607,0.278,0.371,0.505,127,3.3,10348
2016,Adrian Beltre,Rangers,640,0.3,0.358,0.521,127,5.5,639
2016,Jean Segura,Diamondbacks,694,0.319,0.368,0.499,126,5,5933
2015,Nolan Arenado,Rockies,665,0.287,0.323,0.575,121,4.5,9777
2017,Justin Smoak,Blue Jays,637,0.27,0.355,0.529,133,3.6,9054
2019,Bryan Reynolds,Pirates,546,0.314,0.377,0.503,131,3.2,19326
2015,A.J. Pollock,Diamondbacks,673,0.315,0.367,0.498,131,6.8,9256
2015,Kris Bryant,Cubs,650,0.275,0.369,0.488,136,6.1,15429
2015,Manny Machado,Orioles,713,0.286,0.359,0.502,135,6.6,11493
2016,Robinson Cano,Mariners,715,0.298,0.35,0.533,139,6.3,3269
2019,Justin Turner,Dodgers,549,0.29,0.372,0.509,132,3.4,5235
2016,Brian Dozier,Twins,691,0.268,0.34,0.546,132,6.3,9810
2016,Carlos Santana,Indians,688,0.259,0.366,0.498,130,3.3,2396
2018,Joey Votto,Reds,623,0.284,0.417,0.419,130,3.5,4314
2018,Matt Chapman,Athletics,616,0.278,0.356,0.508,138,6.6,16505
2016,Yoenis Cespedes,Mets,543,0.28,0.354,0.53,136,3.7,13110
2019,Ronald Acuna Jr.,Braves,715,0.28,0.365,0.518,126,5.6,18401
2017,Eric Thames,Brewers,551,0.247,0.359,0.518,125,2.1,3711
2018,Francisco Lindor,Indians,745,0.277,0.352,0.519,130,7.6,12916
2018,David Peralta,Diamondbacks,614,0.293,0.352,0.516,131,3.9,2136
2019,Matt Olson,Athletics,547,0.267,0.351,0.545,134,3.9,14344
2015,Michael Brantley,Indians,596,0.31,0.379,0.48,133,3.5,4106
2018,Charlie Blackmon,Rockies,696,0.291,0.358,0.502,117,2.8,7859
2017,Gary Sanchez,Yankees,525,0.278,0.345,0.531,131,4.3,11442
2016,Christian Yelich,Marlins,659,0.298,0.376,0.483,134,5.4,11477
2016,Hanley Ramirez,Red Sox,620,0.286,0.361,0.505,127,3,8001
2015,Yoenis Cespedes,- - -,676,0.291,0.328,0.542,135,5.8,13110
2016,Dexter Fowler,Cubs,551,0.276,0.393,0.447,129,4.6,4062
2019,Michael Brantley,Astros,637,0.311,0.372,0.503,133,4.2,4106
2018,Mitch Haniger,Mariners,683,0.285,0.366,0.493,137,4.5,14274
2018,Javier Baez,Cubs,645,0.29,0.326,0.554,131,5.3,12979
2016,Manny Machado,Orioles,696,0.294,0.343,0.533,131,6.3,11493
2015,Ryan Braun,Brewers,568,0.285,0.356,0.498,131,3.2,3410
2017,Yonder Alonso,- - -,521,0.266,0.365,0.501,133,2.4,2530
2017,Buster Posey,Giants,568,0.32,0.4,0.462,128,4.7,9166
2019,Bryce Harper,Phillies,682,0.26,0.372,0.51,125,4.6,11579
2018,Khris Davis,Athletics,654,0.247,0.326,0.549,136,2.7,9112
2015,Shin-Soo Choo,Rangers,653,0.276,0.375,0.463,128,3.4,3174
2019,Yuli Gurriel,Astros,612,0.298,0.343,0.541,132,3.2,19198
2017,Corey Seager,Dodgers,613,0.295,0.375,0.479,127,6,13624
2015,Kendrys Morales,Royals,639,0.29,0.362,0.485,131,2.1,8610
2017,Joey Gallo,Rangers,532,0.209,0.333,0.537,119,2.7,14128
2015,Carlos Gonzalez,Rockies,608,0.271,0.325,0.54,116,2.8,7287
2018,Jose Altuve,Astros,599,0.316,0.386,0.451,134,4.9,5417
2018,Rhys Hoskins,Phillies,660,0.246,0.354,0.496,128,2.8,16472
2015,Buster Posey,Giants,623,0.318,0.379,0.47,135,6.8,9166
2019,Tim Anderson,White Sox,518,0.335,0.357,0.508,130,3.5,15172
2018,Nick Castellanos,Tigers,678,0.298,0.354,0.5,130,3,11737
2016,Kyle Seager,Mariners,676,0.278,0.359,0.499,134,5.2,9785
2017,Logan Morrison,Rays,601,0.246,0.353,0.516,131,3.2,9205
2017,Brian Dozier,Twins,705,0.271,0.359,0.498,126,5.1,9810
2019,Joc Pederson,Dodgers,514,0.249,0.339,0.538,127,3,11899
2018,Scooter Gennett,Reds,638,0.31,0.357,0.49,125,4.5,10339
2016,Jonathan Lucroy,- - -,544,0.292,0.355,0.5,123,4.6,7870
2016,Wilson Ramos,Nationals,523,0.307,0.354,0.496,123,3.6,1433
2016,Carlos Gonzalez,Rockies,632,0.298,0.35,0.505,110,2.6,7287
2017,Chris Taylor,Dodgers,568,0.288,0.354,0.496,126,4.8,13757
2015,Jose Abreu,White Sox,668,0.29,0.347,0.502,131,3.3,15676
2017,Khris Davis,Athletics,652,0.247,0.336,0.528,130,2.5,9112
2015,Alex Rodriguez,Yankees,620,0.25,0.356,0.486,129,2.7,1274
2018,Miguel Andujar,Yankees,606,0.297,0.328,0.527,130,2.8,15878
2017,Travis Shaw,Brewers,606,0.273,0.349,0.513,120,3.5,11982
2018,Nelson Cruz,Mariners,591,0.256,0.342,0.509,133,2.5,2434
2019,Yasmani Grandal,Brewers,632,0.246,0.38,0.468,121,5.2,11368
2017,Matt Carpenter,Cardinals,622,0.241,0.384,0.451,124,3.2,8090
2015,Prince Fielder,Rangers,693,0.305,0.378,0.463,125,2,4613
2015,Lorenzo Cain,Royals,604,0.307,0.361,0.477,128,6.1,9077
2017,Andrew McCutchen,Pirates,650,0.279,0.363,0.486,122,3.7,9847
2016,Ben Zobrist,Cubs,631,0.272,0.386,0.446,124,4,7435
2019,Hunter Dozier,Royals,586,0.279,0.348,0.522,124,3,15117
2018,Aaron Hicks,Yankees,581,0.248,0.366,0.467,129,5,5297
2019,Luke Voit,Yankees,510,0.263,0.378,0.464,126,1.7,14811
2018,Giancarlo Stanton,Yankees,705,0.266,0.343,0.509,129,4.3,4949
2018,Lorenzo Cain,Brewers,620,0.308,0.395,0.417,124,5.7,9077
2015,Brandon Belt,Giants,556,0.28,0.356,0.478,132,3.9,10264
2018,Michael Brantley,Indians,631,0.309,0.364,0.468,124,3.5,4106
2018,Anthony Rizzo,Cubs,665,0.283,0.376,0.47,126,2.9,3473
2015,Lucas Duda,Mets,554,0.244,0.352,0.486,132,3.2,2502
2018,Tommy Pham,- - -,570,0.275,0.367,0.464,130,4.1,2967
2019,Gleyber Torres,Yankees,604,0.278,0.337,0.535,125,3.6,16997
2019,Michael Conforto,Mets,648,0.257,0.363,0.494,126,3.7,16376
2016,Carlos Beltran,- - -,593,0.295,0.337,0.513,122,2.4,589
2016,Mark Trumbo,Orioles,667,0.256,0.316,0.533,125,2.2,6876
2016,Dustin Pedroia,Red Sox,698,0.318,0.376,0.449,121,4.9,8370
2017,Mark Reynolds,Rockies,593,0.267,0.352,0.487,105,0.9,7619
2019,Nick Castellanos,- - -,664,0.289,0.337,0.525,121,2.8,11737
2018,Andrew Benintendi,Red Sox,661,0.29,0.366,0.465,122,4.4,17901
2017,Josh Reddick,Astros,540,0.314,0.363,0.484,127,3.4,3892
2019,Kyle Schwarber,Cubs,610,0.25,0.339,0.531,120,2.6,16478
2015,Curtis Granderson,Mets,682,0.259,0.364,0.457,131,5.3,4747
2016,Ian Kinsler,Tigers,679,0.288,0.348,0.484,124,5.4,6195
2017,Eugenio Suarez,Reds,632,0.26,0.367,0.461,116,3.9,12552
2018,Jose Martinez,Cardinals,590,0.305,0.364,0.457,127,2.4,7996
2019,Trea Turner,Nationals,569,0.298,0.353,0.497,117,3.5,16252
2016,Jonathan Villar,Brewers,679,0.285,0.369,0.457,120,3,10071
2018,Shin-Soo Choo,Rangers,665,0.264,0.377,0.434,117,2.3,3174
2019,Max Kepler,Twins,596,0.252,0.336,0.519,121,4.4,12144
2015,Jason Kipnis,Indians,641,0.303,0.372,0.451,124,4.5,9776
2017,Jonathan Schoop,Orioles,675,0.293,0.338,0.503,120,3.7,11265
2016,Jose Ramirez,Indians,618,0.312,0.363,0.462,119,4.7,13510
2018,Ben Zobrist,Cubs,520,0.305,0.378,0.44,123,3.6,7435
2015,Eric Hosmer,Royals,667,0.297,0.363,0.459,124,3.5,3516
2016,Jose Bautista,Blue Jays,517,0.234,0.366,0.452,123,1.5,1887
2019,Matt Chapman,Athletics,670,0.249,0.342,0.506,125,6.1,16505
2015,Adrian Gonzalez,Dodgers,643,0.275,0.35,0.48,129,3,1908
2016,Jackie Bradley Jr.,Red Sox,636,0.267,0.349,0.486,118,5.3,12984
2019,Ryan Braun,Brewers,508,0.285,0.343,0.505,117,1.9,3410
2019,Ozzie Albies,Braves,702,0.295,0.352,0.5,117,4.6,16556
2015,Mike Moustakas,Royals,614,0.284,0.348,0.47,123,3.8,4892
2019,Shin-Soo Choo,Rangers,660,0.265,0.371,0.455,112,1.7,3174
2018,Gregory Polanco,Pirates,535,0.254,0.34,0.499,123,2.5,12907
2018,J.T. Realmuto,Marlins,531,0.277,0.34,0.484,126,4.9,11739
2016,Justin Turner,Dodgers,622,0.275,0.339,0.493,123,5,5235
2016,George Springer,Astros,744,0.261,0.359,0.457,126,5,12856
2019,Starling Marte,Pirates,586,0.295,0.342,0.503,119,3,9241
2017,Jake Lamb,Diamondbacks,635,0.248,0.357,0.487,111,2.5,13329
2017,Francisco Lindor,Indians,723,0.273,0.337,0.505,116,5.7,12916
2019,Jorge Polanco,Twins,704,0.295,0.356,0.485,119,4,13152
2016,Jake Lamb,Diamondbacks,594,0.249,0.332,0.509,114,2.4,13329
2018,Yasmani Grandal,Dodgers,518,0.241,0.349,0.466,125,4.7,11368
2019,Danny Santana,Rangers,511,0.283,0.324,0.534,111,1.9,10322
2015,Mookie Betts,Red Sox,654,0.291,0.341,0.479,120,4.8,13611
2016,Starling Marte,Pirates,529,0.311,0.362,0.456,120,3.7,9241
2017,Alex Bregman,Astros,626,0.284,0.352,0.475,123,3.5,17678
2018,Stephen Piscotty,Athletics,605,0.267,0.331,0.491,126,3.1,13367
2016,Victor Martinez,Tigers,610,0.289,0.351,0.476,120,1.1,393
2018,Travis Shaw,Brewers,587,0.241,0.345,0.48,119,3.6,11982
2015,Adam Lind,Brewers,572,0.277,0.36,0.46,120,2,8027
2017,Carlos Santana,Indians,667,0.259,0.363,0.455,115,2.9,2396
2018,Didi Gregorius,Yankees,569,0.268,0.335,0.494,122,4.7,6012
2017,Jay Bruce,- - -,617,0.254,0.324,0.508,118,2.6,9892
2016,Evan Longoria,Rays,685,0.273,0.318,0.521,123,4.5,9368
2015,Logan Forsythe,Rays,615,0.281,0.359,0.444,125,4.1,7185
2015,Ben Zobrist,- - -,535,0.276,0.359,0.45,122,3,7435
2017,Eddie Rosario,Twins,589,0.29,0.328,0.507,117,2.6,12155
2018,Whit Merrifield,Royals,707,0.304,0.367,0.438,119,5.2,11281
2019,Francisco Lindor,Indians,654,0.284,0.335,0.518,114,4.4,12916
2017,Trey Mancini,Orioles,586,0.293,0.338,0.488,116,1.6,15149
2016,Khris Davis,Athletics,610,0.247,0.307,0.524,122,2.4,9112
2016,Carlos Correa,Astros,660,0.274,0.361,0.451,123,5.2,14162
2018,Justin Smoak,Blue Jays,594,0.242,0.35,0.457,121,1.7,9054
2017,Joe Mauer,Twins,597,0.305,0.384,0.417,117,2.3,1857
2019,Tommy Pham,Rays,654,0.273,0.369,0.45,121,3.3,2967
2016,Jose Abreu,White Sox,695,0.293,0.353,0.468,121,2,15676
2017,Yasiel Puig,Dodgers,570,0.263,0.346,0.487,117,2.9,14225
2019,Mike Moustakas,Brewers,584,0.254,0.329,0.516,113,2.8,4892
2015,Yunel Escobar,Nationals,591,0.314,0.375,0.415,120,2.3,4191
2017,Steven Souza Jr.,Rays,617,0.239,0.351,0.459,121,3.8,5667
2018,Justin Upton,Angels,613,0.257,0.344,0.463,123,3.1,5222
2018,Matt Kemp,Dodgers,506,0.29,0.338,0.481,122,1.6,5631
2017,Christian Yelich,Marlins,695,0.282,0.369,0.439,117,4.6,11477
2015,Mitch Moreland,Rangers,515,0.278,0.33,0.482,117,2.2,3086
2016,Xander Bogaerts,Red Sox,719,0.294,0.356,0.446,114,4.9,12161
2016,Michael Saunders,Blue Jays,558,0.253,0.338,0.478,119,1.6,9981
2018,Jed Lowrie,Athletics,680,0.267,0.353,0.448,123,5,4418
2015,Jose Altuve,Astros,689,0.313,0.353,0.459,124,4.4,5417
2016,Jason Kipnis,Indians,688,0.275,0.343,0.469,114,4.7,9776
2018,Andrew McCutchen,- - -,682,0.255,0.368,0.424,121,2.7,9847
2019,Javier Baez,Cubs,561,0.281,0.316,0.531,114,4.4,12979
2017,Jed Lowrie,Athletics,645,0.277,0.36,0.448,120,3.6,4418
2018,C.J. Cron,Rays,560,0.253,0.323,0.493,123,2.2,12546
2019,Rhys Hoskins,Phillies,705,0.226,0.364,0.454,113,2.2,16472
2017,Lorenzo Cain,Royals,645,0.3,0.363,0.44,115,4.2,9077
2015,Carlos Beltran,Yankees,531,0.276,0.337,0.471,119,1.8,589
2015,Adam Eaton,White Sox,689,0.287,0.361,0.431,121,3.9,11205
2018,Johan Camargo,Braves,524,0.272,0.349,0.457,116,3.3,14950
2018,Edwin Encarnacion,Indians,579,0.246,0.336,0.474,115,1,2151
2016,Chris Carter,Brewers,644,0.222,0.321,0.499,113,1,9911
2018,Eduardo Escobar,- - -,631,0.272,0.334,0.489,118,3.6,6153
2017,Cesar Hernandez,Phillies,577,0.294,0.373,0.421,111,3.3,10556
2019,Paul Goldschmidt,Cardinals,682,0.26,0.346,0.476,116,2.9,9218
2015,Jason Heyward,Cardinals,610,0.293,0.359,0.439,121,5.6,4940
2019,Christian Walker,Diamondbacks,603,0.259,0.348,0.476,112,2.2,13419
2016,Asdrubal Cabrera,Mets,568,0.28,0.336,0.474,120,3.6,4962
2016,Stephen Piscotty,Cardinals,649,0.273,0.343,0.457,116,1.9,13367
2018,Cody Bellinger,Dodgers,632,0.26,0.343,0.47,120,3.6,15998
2015,Charlie Blackmon,Rockies,682,0.287,0.347,0.45,103,2.5,7859
2016,Yasmany Tomas,Diamondbacks,563,0.272,0.313,0.508,109,0.5,17171
2017,Mike Moustakas,Royals,598,0.272,0.314,0.521,113,2,4892
2018,Nick Markakis,Braves,705,0.297,0.366,0.44,115,2.6,5930
2017,Yuli Gurriel,Astros,564,0.299,0.332,0.486,118,1.7,19198
2016,Elvis Andrus,Rangers,568,0.302,0.362,0.439,109,2.3,8709
2019,Brett Gardner,Yankees,550,0.251,0.325,0.503,115,3.6,9927
2019,Jose Abreu,White Sox,693,0.284,0.33,0.503,117,1.9,15676
2016,Adam Eaton,White Sox,706,0.284,0.362,0.428,117,5.9,11205
2017,Elvis Andrus,Rangers,689,0.297,0.337,0.471,105,3.9,8709
2019,Eloy Jimenez,White Sox,504,0.267,0.315,0.513,116,1.9,17484
2016,Bryce Harper,Nationals,627,0.243,0.373,0.441,111,2.9,11579
2018,Joey Gallo,Rangers,577,0.206,0.312,0.498,108,2.7,14128
2015,Christian Yelich,Marlins,525,0.3,0.366,0.416,120,2.4,11477
2018,Kyle Schwarber,Cubs,510,0.238,0.356,0.467,115,3.2,16478
2017,Matt Joyce,Athletics,544,0.243,0.335,0.473,117,2.7,3353
2016,Mike Napoli,Indians,645,0.239,0.335,0.465,111,0.7,3057
2016,Anthony Rendon,Nationals,647,0.27,0.348,0.45,110,4.3,12861
2016,Melky Cabrera,White Sox,646,0.296,0.345,0.455,116,2.2,4022
2018,Michael Conforto,Mets,638,0.243,0.35,0.448,120,3,16376
2015,Todd Frazier,Reds,678,0.255,0.309,0.498,116,4.3,785
2019,Brian Anderson,Marlins,520,0.261,0.342,0.468,114,3.1,18289
2017,David Peralta,Diamondbacks,577,0.293,0.352,0.444,104,1.9,2136
2016,Danny Valencia,Athletics,517,0.287,0.346,0.446,117,1.5,6364
2016,Yadier Molina,Cardinals,581,0.307,0.36,0.427,114,3.5,7007
2017,DJ LeMahieu,Rockies,682,0.31,0.374,0.409,94,2,9874
2019,Adam Eaton,Nationals,656,0.279,0.365,0.428,107,2.3,11205
2016,Wil Myers,Padres,676,0.259,0.336,0.461,114,3.5,10047
2019,Eduardo Escobar,Diamondbacks,699,0.269,0.32,0.511,109,3.7,6153
2018,Jurickson Profar,Rangers,594,0.254,0.335,0.458,107,2.8,10815
2016,Buster Posey,Giants,614,0.288,0.362,0.434,114,6.7,9166
2017,Corey Dickerson,Rays,629,0.282,0.325,0.49,116,2.6,10762
2017,Nick Castellanos,Tigers,665,0.272,0.32,0.49,111,1.5,11737
2015,Francisco Cervelli,Pirates,510,0.295,0.37,0.401,117,5.9,5275
2018,Corey Dickerson,Pirates,533,0.3,0.33,0.474,115,2.7,10762
2016,Francisco Lindor,Indians,684,0.301,0.358,0.435,109,5.5,12916
2019,Corey Seager,Dodgers,541,0.272,0.335,0.483,113,3.3,13624
2016,Kole Calhoun,Angels,672,0.271,0.348,0.438,117,3.5,11200
2015,Russell Martin,Blue Jays,507,0.24,0.329,0.458,115,4.5,4616
2019,Whit Merrifield,Royals,735,0.302,0.348,0.463,110,2.9,11281
2018,Eddie Rosario,Twins,592,0.288,0.323,0.479,114,3.5,12155
2016,Chris Davis,Orioles,665,0.221,0.332,0.459,113,2.9,9272
2018,Matt Olson,Athletics,660,0.247,0.335,0.453,118,3.5,14344
2016,Jay Bruce,- - -,589,0.25,0.309,0.506,111,0.3,9892
2015,Justin Upton,Padres,620,0.251,0.336,0.454,119,3.4,5222
2018,George Springer,Astros,620,0.265,0.346,0.434,118,2.9,12856
2019,J.T. Realmuto,Phillies,593,0.275,0.328,0.493,108,5.7,11739
2019,Kevin Newman,Pirates,531,0.308,0.353,0.446,110,2.4,17696
2018,Mallex Smith,Rays,544,0.296,0.367,0.406,118,3.5,13608
2016,Curtis Granderson,Mets,633,0.237,0.335,0.464,116,3.1,4747
2017,Shin-Soo Choo,Rangers,636,0.261,0.357,0.423,102,0.5,3174
2017,Mookie Betts,Red Sox,712,0.264,0.344,0.459,107,5.3,13611
2016,Kendrys Morales,Royals,618,0.263,0.327,0.468,111,0.9,8610
2017,Josh Bell,Pirates,620,0.255,0.334,0.466,108,0.6,13145
2015,Josh Reddick,Athletics,582,0.272,0.333,0.449,116,2.8,3892
2017,Asdrubal Cabrera,Mets,540,0.28,0.351,0.434,112,1.4,4962
2019,Franmil Reyes,- - -,548,0.249,0.31,0.512,109,1,14566
2015,Xander Bogaerts,Red Sox,654,0.32,0.355,0.421,111,4.6,12161
2016,Odubel Herrera,Phillies,656,0.286,0.361,0.42,110,3.7,11476
2018,Joey Wendle,Rays,545,0.3,0.354,0.435,117,3.8,13853
2015,Chris Coghlan,Cubs,503,0.25,0.341,0.443,113,3.1,6878
2015,Starling Marte,Pirates,633,0.287,0.337,0.444,115,3.3,9241
2015,Adrian Beltre,Rangers,619,0.287,0.334,0.453,109,4.3,639
2018,Jose Abreu,White Sox,553,0.265,0.325,0.473,115,1.2,15676
2018,Starling Marte,Pirates,606,0.277,0.327,0.46,112,3.7,9241
2015,Dee Gordon,Marlins,653,0.333,0.359,0.418,116,4.8,8203
2017,Brett Gardner,Yankees,682,0.264,0.35,0.428,110,4,9927
2016,Rougned Odor,Rangers,632,0.271,0.296,0.502,103,2.5,12282
2016,Logan Forsythe,Rays,567,0.264,0.333,0.444,113,2.7,7185
2016,Ian Desmond,Rangers,677,0.285,0.335,0.446,103,3.5,6885
2019,Marcell Ozuna,Cardinals,549,0.241,0.328,0.472,109,2.5,10324
2018,Josh Bell,Pirates,583,0.261,0.357,0.411,111,0.9,13145
2019,Jonathan Villar,Orioles,714,0.274,0.339,0.453,107,4,10071
2016,Martin Prado,Marlins,658,0.305,0.359,0.417,112,3.8,3312
2015,Stephen Vogt,Athletics,511,0.261,0.341,0.443,114,1.8,5000
2015,Robinson Cano,Mariners,674,0.287,0.334,0.446,116,2.8,3269
2017,Wil Myers,Padres,649,0.243,0.328,0.464,107,0.9,10047
2019,Manny Machado,Padres,661,0.256,0.334,0.462,108,3.1,11493
2016,Cesar Hernandez,Phillies,622,0.294,0.371,0.393,107,3.8,10556
2015,Joc Pederson,Dodgers,585,0.21,0.346,0.417,116,3.1,11899
2017,Didi Gregorius,Yankees,570,0.287,0.318,0.478,109,4.1,6012
2015,Troy Tulowitzki,- - -,534,0.28,0.337,0.44,101,2.4,3531
2018,Chris Taylor,Dodgers,604,0.254,0.331,0.444,113,3.1,13757
2015,Ian Kinsler,Tigers,675,0.296,0.342,0.428,110,3.9,6195
2017,Todd Frazier,- - -,576,0.213,0.344,0.428,109,3.2,785
2015,Kyle Seager,Mariners,686,0.266,0.328,0.451,115,3.8,9785
2019,Jose Ramirez,Indians,542,0.255,0.327,0.479,104,3.3,13510
2016,Adrian Gonzalez,Dodgers,633,0.285,0.349,0.435,111,1.3,1908
2017,Robinson Cano,Mariners,648,0.28,0.338,0.453,112,3.1,3269
2019,Avisail Garcia,Rays,530,0.282,0.332,0.464,112,1.8,5760
2015,Adam Jones,Orioles,581,0.269,0.308,0.474,111,3.4,6368
2015,Gerardo Parra,- - -,589,0.291,0.328,0.452,109,2,8553
2017,Adam Jones,Orioles,635,0.285,0.322,0.466,106,1.6,6368
2019,Kolten Wong,Cardinals,549,0.285,0.361,0.423,108,3.7,12532
2017,Tim Beckham,- - -,575,0.278,0.328,0.454,109,3.4,7949
2017,Jean Segura,Mariners,566,0.3,0.349,0.427,111,2.9,5933
2016,Matt Kemp,- - -,672,0.268,0.304,0.499,108,0.8,5631
2015,Odubel Herrera,Phillies,537,0.297,0.344,0.418,111,3.8,11476
2018,Carlos Santana,Phillies,679,0.229,0.352,0.414,108,1.8,2396
2016,J.T. Realmuto,Marlins,545,0.303,0.343,0.428,111,2.1,11739
2015,Albert Pujols,Angels,661,0.244,0.307,0.48,114,1.6,1177
2016,Brad Miller,Rays,601,0.243,0.304,0.482,111,2.3,12775
2018,Brian Anderson,Marlins,670,0.273,0.357,0.4,112,3.4,18289
2016,Adam Duvall,Reds,608,0.241,0.297,0.498,104,2.4,10950
2019,Daniel Vogelbach,Mariners,558,0.208,0.341,0.439,111,1.6,14130
2015,Dexter Fowler,Cubs,690,0.25,0.346,0.411,109,3,4062
2017,Whit Merrifield,Royals,630,0.288,0.324,0.46,105,2.8,11281
2017,Andrew Benintendi,Red Sox,658,0.271,0.352,0.424,102,2,17901
2017,Josh Harrison,Pirates,542,0.272,0.339,0.432,104,2.6,8202
2017,J.T. Realmuto,Marlins,579,0.278,0.332,0.451,107,4.4,11739
2015,Brandon Crawford,Giants,561,0.256,0.321,0.462,113,4.3,5343
2019,Joey Votto,Reds,608,0.261,0.357,0.411,101,0.7,4314
2018,Asdrubal Cabrera,- - -,592,0.262,0.316,0.458,111,2.6,4962
2019,Christian Vazquez,Red Sox,521,0.276,0.32,0.477,102,3.5,9774
2015,Matt Duffy,Giants,612,0.295,0.334,0.428,113,4.4,13836
2019,Asdrubal Cabrera,- - -,514,0.26,0.342,0.441,98,1.9,4962
2018,Trea Turner,Nationals,740,0.271,0.344,0.416,105,4.8,16252
2016,Gregory Polanco,Pirates,587,0.258,0.323,0.463,106,2.2,12907
2016,Albert Pujols,Angels,650,0.268,0.323,0.457,110,0.8,1177
2015,Carlos Santana,Indians,666,0.231,0.357,0.395,107,2.1,2396
2019,Yasiel Puig,- - -,611,0.267,0.327,0.458,101,1.2,14225
2018,Ketel Marte,Diamondbacks,580,0.26,0.332,0.437,106,2.6,13613
2017,Curtis Granderson,- - -,527,0.212,0.323,0.452,106,2.1,4747
2019,Kole Calhoun,Angels,632,0.232,0.325,0.467,108,2.5,11200
2016,Marcell Ozuna,Marlins,608,0.266,0.321,0.452,109,2.4,10324
2017,Scott Schebler,Reds,531,0.233,0.307,0.484,98,1.1,12225
2019,Ryan McMahon,Rockies,539,0.25,0.329,0.45,88,0.6,15112
2019,Andrew Benintendi,Red Sox,615,0.266,0.343,0.431,100,2,17901
2016,Justin Upton,Tigers,626,0.246,0.31,0.465,105,1.9,5222
2019,Vladimir Guerrero Jr.,Blue Jays,514,0.272,0.339,0.433,105,0.4,19611
2017,Chase Headley,Yankees,586,0.273,0.352,0.406,105,2,4720
2016,Andrew McCutchen,Pirates,675,0.256,0.336,0.43,105,1,9847
2018,Mike Moustakas,- - -,635,0.251,0.315,0.459,105,2.4,4892
2017,Odubel Herrera,Phillies,563,0.281,0.325,0.452,100,2.9,11476
2019,Eddie Rosario,Twins,590,0.276,0.3,0.5,103,1.2,12155
2017,Joe Panik,Giants,573,0.288,0.347,0.421,104,2,11936
2018,Teoscar Hernandez,Blue Jays,523,0.239,0.302,0.468,107,0.3,13066
2019,Jason Heyward,Cubs,589,0.251,0.343,0.429,101,1.9,4940
2017,Ender Inciarte,Braves,718,0.304,0.35,0.409,98,2.9,4922
2017,Manny Machado,Orioles,690,0.259,0.31,0.471,102,2.4,11493
2016,Jayson Werth,Nationals,606,0.244,0.335,0.417,100,1.3,1327
2015,DJ LeMahieu,Rockies,620,0.301,0.358,0.388,91,1.9,9874
2015,Mark Trumbo,- - -,545,0.262,0.31,0.449,107,1.1,6876
2015,Brett Gardner,Yankees,656,0.259,0.343,0.399,106,2.5,9927
2015,Nick Markakis,Braves,686,0.296,0.37,0.376,106,1.4,5930
2019,Wilson Ramos,Mets,524,0.288,0.351,0.416,105,1.4,1433
2017,Carlos Gonzalez,Rockies,534,0.262,0.339,0.423,85,0,7287
2016,Joe Mauer,Twins,576,0.261,0.363,0.389,102,1,1857
2015,Brian McCann,Yankees,535,0.232,0.32,0.437,106,2.8,4810
2016,Brandon Crawford,Giants,623,0.275,0.342,0.43,104,5.2,5343
2016,Yunel Escobar,Angels,567,0.304,0.355,0.391,107,1.7,4191
2018,Marcell Ozuna,Cardinals,628,0.28,0.325,0.433,107,2.8,10324
2016,Troy Tulowitzki,Blue Jays,544,0.254,0.318,0.443,104,3,3531
2017,Adam Duvall,Reds,647,0.249,0.301,0.48,96,1.6,10950
2018,Jean Segura,Mariners,632,0.304,0.341,0.415,110,3.7,5933
2015,Evan Longoria,Rays,670,0.27,0.328,0.435,109,3.8,9368
2017,Kyle Seager,Mariners,650,0.249,0.323,0.45,106,3.5,9785
2018,Derek Dietrich,Marlins,551,0.265,0.33,0.421,108,0.7,10542
2019,Domingo Santana,Mariners,507,0.253,0.329,0.441,107,0,10348
2017,David Freese,Pirates,503,0.263,0.368,0.371,100,1.8,9549
2016,Eric Hosmer,Royals,667,0.266,0.328,0.433,102,0.2,3516
2018,Andrelton Simmons,Angels,600,0.292,0.337,0.417,108,5.4,10847
2016,Todd Frazier,White Sox,666,0.225,0.302,0.464,105,2.8,785
2019,Dexter Fowler,Cardinals,574,0.238,0.346,0.409,103,1.5,4062
2017,Mitch Moreland,Red Sox,576,0.246,0.326,0.443,98,0.9,3086
2017,Javier Baez,Cubs,508,0.273,0.317,0.48,98,2.4,12979
2017,Denard Span,Giants,542,0.272,0.329,0.427,102,1.2,8347
2015,Matt Kemp,Padres,648,0.265,0.312,0.443,109,1,5631
2015,Ender Inciarte,Diamondbacks,561,0.303,0.338,0.408,100,2.4,4922
2015,Neil Walker,Pirates,603,0.269,0.328,0.427,106,2.6,7539
2015,Daniel Murphy,Mets,538,0.281,0.322,0.449,109,2.2,4316
2018,Rougned Odor,Rangers,535,0.253,0.326,0.424,95,2.4,12282
2018,Justin Bour,- - -,501,0.227,0.341,0.404,106,0.4,9744
2015,Yangervis Solarte,Padres,571,0.27,0.32,0.428,109,1.8,5352
2018,Ozzie Albies,Braves,684,0.261,0.305,0.452,101,3.8,16556
2016,Angel Pagan,Giants,543,0.277,0.331,0.418,102,1.1,2918
2018,Nomar Mazara,Rangers,536,0.258,0.317,0.436,95,0.9,14553
2016,Eduardo Nunez,- - -,595,0.288,0.325,0.432,101,2.9,6848
2018,Yuli Gurriel,Astros,573,0.291,0.323,0.428,107,1.1,19198
2018,Matt Duffy,Rays,560,0.294,0.361,0.366,107,2.5,13836
2019,Renato Nunez,Orioles,599,0.244,0.311,0.46,99,0.6,14503
2018,Yadier Molina,Cardinals,503,0.261,0.314,0.436,105,2.5,7007
2015,Brian Dozier,Twins,704,0.236,0.307,0.444,102,3.1,9810
2017,Andrelton Simmons,Angels,647,0.278,0.331,0.421,102,5,10847
2017,Trevor Story,Rockies,555,0.239,0.308,0.457,82,1.4,12564
2015,Jhonny Peralta,Cardinals,640,0.275,0.334,0.411,105,2.1,1738
2018,DJ LeMahieu,Rockies,581,0.276,0.321,0.428,87,2.1,9874
2019,Evan Longoria,Giants,508,0.254,0.325,0.437,101,2,9368
2016,Russell Martin,Blue Jays,535,0.231,0.335,0.398,101,3.6,4616
2019,Paul DeJong,Cardinals,664,0.233,0.318,0.444,100,4.1,18015
2015,Brock Holt,Red Sox,509,0.28,0.349,0.379,99,2,9345
2017,Xander Bogaerts,Red Sox,635,0.273,0.343,0.403,95,3.2,12161
2015,Trevor Plouffe,Twins,632,0.244,0.307,0.435,100,2.6,7462
2018,Willson Contreras,Cubs,544,0.249,0.339,0.39,100,0.7,11609
2016,Nick Markakis,Braves,684,0.269,0.346,0.397,98,1.2,5930
2017,Nick Markakis,Braves,670,0.275,0.354,0.384,94,0.6,5930
2016,Jonathan Schoop,Orioles,647,0.267,0.298,0.454,99,2.3,11265
2018,Cesar Hernandez,Phillies,708,0.253,0.356,0.362,99,2.1,10556
2019,Adam Frazier,Pirates,608,0.278,0.336,0.417,97,2.2,15223
2017,Ryon Healy,Athletics,605,0.271,0.302,0.451,101,0.3,15447
2017,Kendrys Morales,Blue Jays,608,0.25,0.308,0.445,98,-0.6,8610
2017,Melky Cabrera,- - -,666,0.285,0.324,0.423,98,-0.1,4022
2019,Brandon Belt,Giants,616,0.234,0.339,0.403,99,0.5,10264
2018,Yonder Alonso,Indians,574,0.25,0.317,0.421,97,0.7,2530
2018,Jose Peraza,Reds,683,0.288,0.326,0.416,96,2.6,13593
2018,Joe Mauer,Twins,543,0.282,0.351,0.379,100,1.1,1857
2015,Asdrubal Cabrera,Rays,551,0.265,0.315,0.43,104,2.6,4962
2019,Alex Gordon,Royals,633,0.266,0.345,0.396,96,1.3,5209
2016,Ender Inciarte,Braves,578,0.291,0.351,0.381,97,3.1,4922
2016,Didi Gregorius,Yankees,597,0.276,0.304,0.447,97,2.7,6012
2016,Corey Dickerson,Rays,548,0.245,0.293,0.469,101,1.1,10762
2016,Adam Jones,Orioles,672,0.265,0.31,0.436,98,2.1,6368
2019,Miguel Cabrera,Tigers,549,0.282,0.346,0.398,96,-0.3,1744
2019,Hanser Alberto,Orioles,550,0.305,0.329,0.422,96,1.9,11902
2016,Nomar Mazara,Rangers,568,0.266,0.32,0.419,91,0.6,14553
2019,Amed Rosario,Mets,655,0.287,0.323,0.432,100,2.7,15518
2017,Hanley Ramirez,Red Sox,553,0.242,0.32,0.429,92,-0.5,8001
2019,David Fletcher,Angels,653,0.29,0.35,0.384,99,3.4,17992
2015,Martin Prado,Marlins,551,0.288,0.338,0.394,102,3.4,3312
2018,Marwin Gonzalez,Astros,552,0.247,0.324,0.409,103,1.5,5497
2017,Nomar Mazara,Rangers,616,0.253,0.323,0.422,87,-0.3,14553
2016,Brett Gardner,Yankees,634,0.261,0.351,0.362,96,2.6,9927
2015,Billy Burns,Athletics,555,0.294,0.334,0.392,102,1.9,12701
2019,Dansby Swanson,Braves,545,0.251,0.325,0.422,92,1.5,18314
2015,Kole Calhoun,Angels,686,0.256,0.308,0.422,103,3.2,11200
2015,Evan Gattis,Astros,604,0.246,0.285,0.463,103,0.3,11003
2015,Marlon Byrd,- - -,544,0.247,0.29,0.453,100,1.5,950
2019,Victor Robles,Nationals,617,0.255,0.326,0.419,91,2.5,18363
2016,Addison Russell,Cubs,598,0.238,0.321,0.417,95,3.3,14106
2018,Max Kepler,Twins,611,0.224,0.319,0.408,98,2.7,12144
2016,Eugenio Suarez,Reds,627,0.248,0.317,0.411,93,1.4,12552
2016,Cheslor Cuthbert,Royals,510,0.274,0.318,0.413,95,0.5,10473
2017,Brandon Phillips,- - -,604,0.285,0.319,0.416,91,1.6,791
2017,Yadier Molina,Cardinals,543,0.273,0.312,0.439,95,2.3,7007
2015,Ben Revere,- - -,634,0.306,0.342,0.377,98,2.3,4712
2015,Brandon Phillips,Reds,623,0.294,0.328,0.395,97,2.5,791
2018,Starlin Castro,Marlins,647,0.278,0.329,0.4,101,2.3,4579
2017,Ben Gamel,Mariners,550,0.275,0.322,0.413,99,1.7,12160
2018,Adam Jones,Orioles,613,0.281,0.313,0.419,96,0.4,6368
2019,Cesar Hernandez,Phillies,667,0.279,0.333,0.408,92,1.7,10556
2019,Colin Moran,Pirates,503,0.277,0.322,0.429,94,0.1,16909
2019,Jean Segura,Phillies,618,0.28,0.323,0.42,92,2.3,5933
2018,Ian Desmond,Rockies,619,0.236,0.307,0.422,82,-0.6,6885
2016,Marcus Semien,Athletics,621,0.238,0.3,0.435,98,2.1,12533
2017,Max Kepler,Twins,568,0.243,0.312,0.425,94,1.5,12144
2018,Odubel Herrera,Phillies,597,0.255,0.31,0.42,96,0.9,11476
2016,Brandon Phillips,Reds,584,0.291,0.32,0.416,92,0.9,791
2017,Kole Calhoun,Angels,654,0.244,0.333,0.392,97,2.1,11200
2019,Nick Ahmed,Diamondbacks,625,0.254,0.316,0.437,92,2.4,12147
2016,Scooter Gennett,Brewers,542,0.263,0.317,0.412,92,0.2,10339
2019,Jackie Bradley Jr.,Red Sox,567,0.225,0.317,0.421,90,1.4,12984
2017,Yolmer Sanchez,White Sox,534,0.267,0.319,0.413,95,2.2,11602
2017,Jackie Bradley Jr.,Red Sox,541,0.245,0.323,0.402,89,2.2,12984
2016,Starlin Castro,Yankees,610,0.27,0.3,0.433,93,1.3,4579
2019,Willy Adames,Rays,584,0.254,0.317,0.418,97,2.8,15986
2017,Miguel Cabrera,Tigers,529,0.249,0.329,0.399,92,-0.2,1744
2017,Ian Kinsler,Tigers,613,0.236,0.313,0.412,92,2.6,6195
2017,Evan Longoria,Rays,677,0.261,0.313,0.424,97,2.5,9368
2017,Jose Reyes,Mets,561,0.246,0.315,0.413,95,2,1736
2016,Zack Cozart,Reds,508,0.252,0.308,0.425,90,1.9,2616
2017,Dee Gordon,Marlins,695,0.308,0.341,0.375,94,3.6,8203
2017,Chris Davis,Orioles,524,0.215,0.309,0.423,91,0,9272
2016,Chase Utley,Dodgers,565,0.252,0.319,0.396,96,2.2,1679
2018,Jonathan Villar,- - -,515,0.26,0.325,0.384,93,2,10071
2017,Byron Buxton,Twins,511,0.253,0.314,0.413,92,3.6,14161
2016,Denard Span,Giants,637,0.266,0.331,0.381,94,1.2,8347
2015,Billy Butler,Athletics,601,0.251,0.323,0.39,98,-0.8,7399
2017,Yangervis Solarte,Padres,512,0.255,0.314,0.416,91,0.8,5352
2018,Yoan Moncada,White Sox,650,0.235,0.315,0.4,97,2.1,17232
2016,Maikel Franco,Phillies,630,0.255,0.306,0.427,92,1.7,12179
2015,Marcus Semien,Athletics,601,0.257,0.31,0.405,97,1.4,12533
2015,Nick Castellanos,Tigers,595,0.255,0.303,0.419,94,0.5,11737
2018,Jeimer Candelario,Tigers,619,0.224,0.317,0.393,94,2.5,13621
2016,Chase Headley,Yankees,529,0.251,0.329,0.383,92,2.7,4720
2015,Joe Mauer,Twins,666,0.265,0.338,0.38,93,0.3,1857
2018,Jackie Bradley Jr.,Red Sox,535,0.234,0.314,0.403,90,2.8,12984
2015,Kevin Pillar,Blue Jays,628,0.278,0.314,0.399,94,3.7,12434
2016,Travis Shaw,Red Sox,530,0.242,0.306,0.421,88,1.3,11982
2015,Kolten Wong,Cardinals,613,0.262,0.321,0.386,96,2.5,12532
2018,Eric Hosmer,Padres,677,0.253,0.322,0.398,95,-0.1,3516
2017,Manuel Margot,Padres,529,0.263,0.313,0.409,90,1.9,14712
2017,Orlando Arcia,Brewers,548,0.277,0.324,0.407,86,1.4,13185
2015,Kevin Kiermaier,Rays,535,0.263,0.298,0.42,97,4.3,11038
2017,Jorge Polanco,Twins,544,0.256,0.313,0.41,90,1.6,13152
2019,Eric Hosmer,Padres,667,0.265,0.31,0.425,91,-0.4,3516
2015,Jay Bruce,Reds,649,0.226,0.294,0.434,93,0.2,9892
2015,Derek Norris,Padres,557,0.25,0.305,0.404,98,3.8,6867
2015,Aramis Ramirez,- - -,516,0.246,0.297,0.423,93,1.1,1002
2018,Ender Inciarte,Braves,660,0.265,0.325,0.38,91,3,4922
2018,Jason Kipnis,Indians,601,0.23,0.315,0.389,89,2.1,9776
2016,Jacoby Ellsbury,Yankees,626,0.263,0.33,0.374,90,1.8,4727
2017,Jordy Mercer,Pirates,558,0.255,0.326,0.406,88,1.5,6547
2019,Albert Pujols,Angels,545,0.244,0.305,0.43,93,-0.4,1177
2019,Adam Jones,Diamondbacks,528,0.26,0.313,0.414,87,-0.1,6368
2016,Adonis Garcia,Braves,563,0.273,0.311,0.406,90,0.6,13777
2015,Brandon Moss,- - -,526,0.226,0.304,0.407,93,0.4,4467
2018,Trey Mancini,Orioles,636,0.242,0.299,0.416,91,-0.3,15149
2019,Josh Reddick,Astros,550,0.275,0.319,0.409,94,1,3892
2015,Ryan Howard,Phillies,503,0.229,0.277,0.443,93,-0.2,2154
2016,Salvador Perez,Royals,546,0.247,0.288,0.438,89,0.3,7304
2018,Marcus Semien,Athletics,703,0.255,0.318,0.388,96,3.8,12533
2016,Mitch Moreland,Rangers,503,0.233,0.298,0.422,83,0,3086
2019,Freddy Galvis,- - -,589,0.26,0.296,0.438,89,1.4,6609
2018,Tucker Barnhart,Reds,522,0.248,0.328,0.372,89,-0.4,10200
2015,Cameron Maybin,Braves,555,0.267,0.327,0.37,93,1.3,5223
2015,Melky Cabrera,White Sox,683,0.273,0.314,0.394,94,0.1,4022
2019,Randal Grichuk,Blue Jays,628,0.232,0.28,0.457,90,0.5,10243
2015,Chase Headley,Yankees,642,0.259,0.324,0.369,92,1.6,4720
2019,Starlin Castro,Marlins,676,0.27,0.3,0.436,91,1.3,4579
2019,Jose Iglesias,Reds,530,0.288,0.318,0.407,84,1.6,10231
2018,Brandon Crawford,Giants,594,0.254,0.325,0.394,94,2,5343
2015,Brett Lawrie,Athletics,602,0.26,0.299,0.407,94,0.9,5247
2017,Tommy Joseph,Phillies,533,0.24,0.289,0.432,84,-1,10349
2019,Miguel Rojas,Marlins,526,0.284,0.331,0.379,90,1.9,7802
2018,Brett Gardner,Yankees,609,0.236,0.322,0.368,91,2.6,9927
2016,Stephen Vogt,Athletics,532,0.251,0.305,0.406,91,0.3,5000
2015,Austin Jackson,- - -,527,0.267,0.311,0.385,94,1.8,9848
2018,Alex Gordon,Royals,568,0.245,0.324,0.37,89,1.6,5209
2015,Gregory Polanco,Pirates,652,0.256,0.32,0.381,92,2.2,12907
2018,Salvador Perez,Royals,544,0.235,0.274,0.439,89,0.4,7304
2015,Torii Hunter,Twins,567,0.24,0.293,0.409,89,0.7,731
2015,Anthony Gose,Tigers,535,0.254,0.321,0.367,89,0.6,5097
2018,Brian Dozier,- - -,632,0.215,0.305,0.391,90,0.9,9810
2015,Addison Russell,Cubs,523,0.242,0.307,0.389,90,2.6,14106
2015,Wilmer Flores,Mets,510,0.263,0.295,0.408,95,1.7,5827
2016,Jordy Mercer,Pirates,584,0.256,0.328,0.374,88,1.4,6547
2016,Howie Kendrick,Dodgers,543,0.255,0.326,0.366,90,0.8,4229
2017,Hunter Pence,Giants,539,0.26,0.315,0.385,87,0.8,8252
2015,Didi Gregorius,Yankees,578,0.265,0.318,0.37,89,3.1,6012
2016,Alex Gordon,Royals,506,0.22,0.312,0.38,86,0.6,5209
2017,Kevin Pillar,Blue Jays,632,0.256,0.3,0.404,86,2,12434
2019,Lorenzo Cain,Brewers,623,0.26,0.325,0.372,83,1.5,9077
2018,Kevin Pillar,Blue Jays,542,0.252,0.282,0.426,89,2,12434
2019,Rougned Odor,Rangers,581,0.205,0.283,0.439,77,0.3,12282
2019,Jurickson Profar,Athletics,518,0.218,0.301,0.41,89,1.3,10815
2019,Jason Kipnis,Indians,511,0.245,0.304,0.41,82,1.1,9776
2018,Jon Jay,- - -,586,0.268,0.33,0.347,87,0.8,5227
2017,Brandon Crawford,Giants,570,0.253,0.305,0.403,86,2.2,5343
2016,Josh Harrison,Pirates,522,0.283,0.311,0.388,86,1.1,8202
2015,Jose Reyes,- - -,519,0.274,0.31,0.378,81,0.7,1736
2015,Salvador Perez,Royals,553,0.26,0.28,0.426,87,0.8,7304
2019,Elvis Andrus,Rangers,648,0.275,0.313,0.393,76,1.4,8709
2016,Joe Panik,Giants,526,0.239,0.315,0.379,86,1.8,11936
2018,Nick Ahmed,Diamondbacks,564,0.234,0.29,0.411,85,1.8,12147
2016,Yonder Alonso,Athletics,532,0.253,0.316,0.367,87,-0.2,2530
2016,Marwin Gonzalez,Astros,518,0.254,0.293,0.401,89,0.4,5497
2018,Ian Kinsler,- - -,534,0.24,0.301,0.38,87,2.2,6195
2015,Logan Morrison,Mariners,511,0.225,0.302,0.383,90,0,9205
2016,Leonys Martin,Mariners,576,0.247,0.306,0.378,89,2.4,11846
2019,Kevin Pillar,- - -,645,0.259,0.287,0.432,85,1.5,12434
2017,Freddy Galvis,Phillies,663,0.255,0.309,0.382,79,1.5,6609
2016,Melvin Upton Jr.,- - -,539,0.238,0.291,0.402,84,1.3,5015
2018,Yolmer Sanchez,White Sox,662,0.242,0.306,0.372,87,1.8,11602
2018,Ryon Healy,Mariners,524,0.235,0.277,0.412,89,-0.9,15447
2015,Avisail Garcia,White Sox,601,0.257,0.309,0.365,86,-0.3,5760
2017,Mark Trumbo,Orioles,603,0.234,0.289,0.397,79,-1.3,6876
2018,Evan Longoria,Giants,512,0.244,0.281,0.413,87,0.5,9368
2016,Kevin Pillar,Blue Jays,584,0.266,0.303,0.376,82,2.4,12434
2017,Jose Bautista,Blue Jays,686,0.203,0.308,0.366,81,-0.4,1887
2019,Leury Garcia,White Sox,618,0.279,0.31,0.378,83,1.3,5913
2018,Tim Anderson,White Sox,606,0.24,0.281,0.406,86,2,15172
2015,Ian Desmond,Nationals,641,0.233,0.29,0.384,83,1.4,6885
2018,Freddy Galvis,Padres,656,0.248,0.299,0.38,85,1.2,6609
2016,Danny Espinosa,Nationals,601,0.209,0.306,0.378,78,1.3,9219
2018,Dansby Swanson,Braves,533,0.238,0.304,0.395,80,1.9,18314
2015,Elvis Andrus,Rangers,661,0.258,0.309,0.357,78,1.8,8709
2017,Maikel Franco,Phillies,623,0.23,0.281,0.409,76,-0.5,12179
2018,Amed Rosario,Mets,592,0.256,0.295,0.381,85,1.5,15518
2015,Andrelton Simmons,Braves,583,0.265,0.321,0.338,81,3.1,10847
2019,Khris Davis,Athletics,533,0.22,0.293,0.387,81,-1,9112
2017,Tim Anderson,White Sox,606,0.257,0.276,0.402,79,0.1,15172
2015,Starlin Castro,Cubs,578,0.265,0.296,0.375,79,0.6,4579
2018,Manuel Margot,Padres,519,0.245,0.292,0.384,81,0.6,14712
2018,Kyle Seager,Mariners,630,0.221,0.273,0.4,83,1.5,9785
2015,Pablo Sandoval,Red Sox,505,0.245,0.292,0.366,76,-1.2,5409
2015,Yadier Molina,Cardinals,530,0.27,0.31,0.35,81,2.4,7007
2015,Jace Peterson,Braves,597,0.239,0.314,0.335,79,1,12325
2017,Albert Pujols,Angels,636,0.241,0.286,0.386,77,-2,1177
2016,Freddy Galvis,Phillies,624,0.241,0.274,0.399,74,2.3,6609
2018,Yangervis Solarte,Blue Jays,506,0.226,0.277,0.378,77,-1.3,5352
2015,Freddy Galvis,Phillies,603,0.263,0.302,0.343,76,1.6,6609
2017,Carlos Beltran,Astros,509,0.231,0.283,0.383,76,-1.1,589
2018,Kole Calhoun,Angels,552,0.208,0.283,0.369,79,0,11200
2016,Jose Iglesias,Tigers,513,0.255,0.306,0.336,74,2.2,10231
2015,Jimmy Rollins,Dodgers,563,0.224,0.285,0.358,80,0.4,971
2016,Jason Heyward,Cubs,592,0.23,0.306,0.325,72,1,4940
2018,Miguel Rojas,Marlins,528,0.252,0.297,0.346,78,1,7802
2018,Victor Martinez,Tigers,508,0.251,0.297,0.353,74,-1.7,393
2019,Yolmer Sanchez,White Sox,555,0.252,0.318,0.321,74,1,11602
2019,Brandon Crawford,Giants,560,0.228,0.304,0.35,74,0.4,5343
2015,Erick Aybar,Angels,638,0.27,0.301,0.338,78,0.9,4082
2015,Angel Pagan,Giants,551,0.262,0.303,0.332,78,-0.2,2918
2015,Alexei Ramirez,White Sox,622,0.249,0.285,0.357,74,0.1,5133
2017,Billy Hamilton,Reds,633,0.247,0.299,0.335,65,1.2,10199
2019,Mallex Smith,Mariners,566,0.227,0.3,0.335,74,0,13608
2016,Alcides Escobar,Royals,682,0.261,0.292,0.35,69,0.5,6310
2018,Billy Hamilton,Reds,556,0.236,0.299,0.327,69,1.3,10199
2018,Dee Gordon,Mariners,588,0.268,0.288,0.349,76,0,8203
2017,Dansby Swanson,Braves,551,0.232,0.312,0.324,64,-0.2,18314
2015,Michael A. Taylor,Nationals,511,0.229,0.282,0.358,69,-0.1,11489
2017,Jose Peraza,Reds,518,0.259,0.297,0.324,61,-0.3,13593
2017,Rougned Odor,Rangers,651,0.204,0.252,0.397,56,-1.4,12282
2015,Alcides Escobar,Royals,662,0.257,0.293,0.32,66,1.5,6310
2017,Alex Gordon,Royals,541,0.208,0.293,0.315,62,-0.1,5209
2019,Orlando Arcia,Brewers,546,0.223,0.283,0.35,61,-0.4,13185
2017,Alcides Escobar,Royals,629,0.25,0.272,0.357,61,0.1,6310
2015,Jean Segura,Brewers,584,0.257,0.281,0.336,64,0.1,5933
2015,Wilson Ramos,Nationals,504,0.229,0.258,0.358,62,-0.5,1433
2016,Alexei Ramirez,- - -,506,0.241,0.277,0.333,63,-1.6,5133
2018,Alcides Escobar,Royals,531,0.231,0.279,0.313,59,-0.3,6310
2016,Adeiny Hechavarria,Marlins,547,0.236,0.283,0.311,59,0.4,10459
2015,Chris Owings,Diamondbacks,552,0.227,0.264,0.322,51,-1.1,10030
2018,Chris Davis,Orioles,522,0.168,0.243,0.296,44,-3.2,9272